Date,Team1Players,Team2Players
29-05-2022,"Y Jaiswal,J Buttler,S Samson,D Padikkal,S Hetmyer,R Ashwin,R Parag,T Boult,O McCoy,M Krishna,Y Chahal","W Saha,S Gill,M Wade,H Pandya,D Miller,R Tewatia,R Khan,R Kishore,L Ferguson,Y Dayal,M Shami"
27-05-2022,"V Kohli,F Plessis,R Patidar,G Maxwell,M Lomror,K Karthik,S Ahmed,P Silva,H Patel,J Hazlewood,M Siraj","Y Jaiswal,J Buttler,S Samson,D Padikkal,S Hetmyer,R Parag,R Ashwin,T Boult,Y Chahal,M Krishna,O McCoy"
25-05-2022,"V Kohli,F Plessis,R Patidar,G Maxwell,M Lomror,K Karthik,S Ahmed,H Patel,P Silva,J Hazlewood,M Siraj","Q Kock,K Rahul,M Vohra,D Hooda,M Stoinis,E Lewis,K Pandya,P Chameera,M Khan,A Khan,R Bishnoi"
24-05-2022,"Y Jaiswal,J Buttler,S Samson,D Padikkal,S Hetmyer,R Parag,R Ashwin,T Boult,Y Chahal,M Krishna,O McCoy","W Saha,S Gill,M Wade,H Pandya,D Miller,R Tewatia,R Khan,R Kishore,A Joseph,Y Dayal,M Shami"
22-05-2022,"P Garg,A Sharma,R Tripathi,A Markram,N Pooran,W Sundar,R Shepherd,J Suchith,B Kumar,U Malik,F Farooqi","J Bairstow,S Dhawan,M Khan,M Agarwal,L Livingstone,J Sharma,P Mankad,H Brar,K Rabada,N Ellis,A Singh"
21-05-2022,"P Shaw,D Warner,M Marsh,R Pant,S Khan,R Powell,A Patel,S Thakur,K Yadav,A Nortje,K Ahmed","I Kishan,R Sharma,D Brevis,T Varma,T David,R Singh,D Sams,H Shokeen,J Bumrah,M Markande,R Meredith"
20-05-2022,"R Gaikwad,D Conway,M Ali,N Jagadeesan,A Rayudu,M Dhoni,M Santner,S Singh,M Choudhary,P Solanki,M Pathirana","Y Jaiswal,J Buttler,S Samson,D Padikkal,R Ashwin,S Hetmyer,R Parag,T Boult,Y Chahal,M Krishna,O McCoy"
19-05-2022,"W Saha,S Gill,M Wade,H Pandya,D Miller,R Tewatia,R Khan,R Kishore,L Ferguson,Y Dayal,M Shami","V Kohli,F Plessis,G Maxwell,K Karthik,R Patidar,M Lomror,S Ahmed,H Patel,P Silva,J Hazlewood,S Kaul"
18-05-2022,"Q Kock,K Rahul,E Lewis,D Hooda,M Vohra,M Stoinis,J Holder,K Gowtham,M Khan,A Khan,R Bishnoi","V Iyer,A Tomar,N Rana,S Iyer,S Billings,A Russell,R Singh,S Narine,U Yadav,T Southee,C Varun"
17-05-2022,"A Sharma,P Garg,R Tripathi,N Pooran,A Markram,K Williamson,W Sundar,B Kumar,U Malik,T Natarajan,F Farooqi","R Sharma,I Kishan,D Sams,T Varma,T David,T Stubbs,R Singh,R Yadav,J Bumrah,M Markande,R Meredith"
16-05-2022,"D Warner,S Khan,M Marsh,L Yadav,R Pant,R Powell,A Patel,S Thakur,K Yadav,A Nortje,K Ahmed","J Bairstow,S Dhawan,P Rajapaksa,L Livingstone,M Agarwal,J Sharma,H Brar,R Dhawan,R Chahar,K Rabada,A Singh"
15-05-2022,"Y Jaiswal,J Buttler,S Samson,D Padikkal,R Parag,J Neesham,R Ashwin,T Boult,M Krishna,Y Chahal,O McCoy","Q Kock,K Rahul,A Badoni,D Hooda,K Pandya,M Stoinis,J Holder,P Chameera,M Khan,A Khan,R Bishnoi"
15-05-2022,"R Gaikwad,D Conway,M Ali,N Jagadeesan,S Dube,M Dhoni,M Santner,P Solanki,S Singh,M Pathirana,M Choudhary","W Saha,S Gill,M Wade,H Pandya,D Miller,R Tewatia,R Khan,R Kishore,A Joseph,Y Dayal,M Shami"
14-05-2022,"V Iyer,A Rahane,N Rana,S Iyer,S Billings,R Singh,A Russell,S Narine,U Yadav,T Southee,C Varun","A Sharma,K Williamson,R Tripathi,A Markram,N Pooran,W Sundar,S Singh,M Jansen,B Kumar,U Malik,T Natarajan"
13-05-2022,"J Bairstow,S Dhawan,P Rajapaksa,L Livingstone,M Agarwal,J Sharma,H Brar,R Dhawan,R Chahar,K Rabada,A Singh","V Kohli,F Plessis,R Patidar,M Lomror,G Maxwell,K Karthik,S Ahmed,H Patel,P Silva,M Siraj,J Hazlewood"
12-05-2022,"R Gaikwad,D Conway,M Ali,R Uthappa,A Rayudu,M Dhoni,S Dube,D Bravo,S Singh,M Theekshana,M Choudhary","I Kishan,R Sharma,D Sams,T Varma,T Stubbs,H Shokeen,T David,R Singh,J Bumrah,R Meredith,K Kartikeya"
11-05-2022,"Y Jaiswal,J Buttler,R Ashwin,D Padikkal,S Samson,R Parag,H Dussen,T Boult,M Krishna,Y Chahal,K Sen","K Bharat,D Warner,M Marsh,R Pant,R Powell,L Yadav,A Patel,S Thakur,K Yadav,A Nortje,C Sakariya"
10-05-2022,"W Saha,S Gill,M Wade,H Pandya,D Miller,R Tewatia,R Khan,R Kishore,A Joseph,Y Dayal,M Shami","Q Kock,K Rahul,D Hooda,K Sharma,K Pandya,A Badoni,M Stoinis,J Holder,M Khan,P Chameera,A Khan"
09-05-2022,"V Iyer,A Rahane,N Rana,S Iyer,A Russell,R Singh,S Jackson,P Cummins,S Narine,T Southee,C Varun","R Sharma,I Kishan,T Varma,R Singh,T David,K Pollard,D Sams,M Ashwin,K Kartikeya,J Bumrah,R Meredith"
08-05-2022,"R Gaikwad,D Conway,S Dube,A Rayudu,M Dhoni,M Ali,R Uthappa,D Bravo,S Singh,M Theekshana,M Choudhary","D Warner,K Bharat,M Marsh,R Pant,R Powell,R Patel,A Patel,S Thakur,K Yadav,A Nortje,K Ahmed"
08-05-2022,"V Kohli,F Plessis,R Patidar,G Maxwell,K Karthik,M Lomror,S Ahmed,P Silva,H Patel,J Hazlewood,M Siraj","A Sharma,K Williamson,R Tripathi,A Markram,N Pooran,J Suchith,S Singh,K Tyagi,B Kumar,U Malik,F Farooqi"
07-05-2022,"Q Kock,K Rahul,D Hooda,K Pandya,A Badoni,M Stoinis,J Holder,P Chameera,A Khan,M Khan,R Bishnoi","B Indrajith,A Finch,S Iyer,N Rana,R Singh,A Russell,S Narine,A Roy,S Mavi,T Southee,H Rana"
07-05-2022,"J Bairstow,S Dhawan,P Rajapaksa,M Agarwal,J Sharma,L Livingstone,R Dhawan,K Rabada,R Chahar,A Singh,S Sharma","Y Jaiswal,J Buttler,S Samson,D Padikkal,S Hetmyer,R Parag,R Ashwin,T Boult,M Krishna,Y Chahal,K Sen"
06-05-2022,"I Kishan,R Sharma,S Yadav,T Varma,K Pollard,T David,D Sams,M Ashwin,K Kartikeya,J Bumrah,R Meredith","W Saha,S Gill,H Pandya,B Sudharsan,D Miller,R Tewatia,R Khan,P Sangwan,L Ferguson,A Joseph,M Shami"
05-05-2022,"M Singh,D Warner,M Marsh,R Pant,R Powell,L Yadav,R Patel,S Thakur,K Yadav,A Nortje,K Ahmed","A Sharma,K Williamson,R Tripathi,A Markram,N Pooran,S Singh,S Abbott,S Gopal,K Tyagi,B Kumar,U Malik"
04-05-2022,"V Kohli,F Plessis,G Maxwell,M Lomror,R Patidar,K Karthik,P Silva,S Ahmed,H Patel,M Siraj,J Hazlewood","R Gaikwad,D Conway,R Uthappa,A Rayudu,M Ali,R Jadeja,M Dhoni,D Pretorius,S Singh,M Theekshana,M Choudhary"
03-05-2022,"W Saha,S Gill,B Sudharsan,H Pandya,D Miller,R Tewatia,R Khan,P Sangwan,L Ferguson,A Joseph,M Shami","J Bairstow,S Dhawan,P Rajapaksa,L Livingstone,M Agarwal,J Sharma,R Dhawan,K Rabada,R Chahar,A Singh,S Sharma"
02-05-2022,"J Buttler,D Padikkal,S Samson,K Nair,R Parag,S Hetmyer,R Ashwin,T Boult,M Krishna,Y Chahal,K Sen","B Indrajith,A Finch,S Iyer,N Rana,R Singh,A Roy,A Russell,S Narine,U Yadav,T Southee,S Mavi"
01-05-2022,"R Gaikwad,D Conway,M Dhoni,R Jadeja,R Uthappa,A Rayudu,S Singh,M Santner,D Pretorius,M Choudhary,M Theekshana","A Sharma,K Williamson,R Tripathi,A Markram,N Pooran,S Singh,W Sundar,M Jansen,B Kumar,T Natarajan,U Malik"
01-05-2022,"Q Kock,K Rahul,D Hooda,M Stoinis,K Pandya,A Badoni,J Holder,M Khan,K Gowtham,P Chameera,R Bishnoi","P Shaw,D Warner,M Marsh,R Pant,L Yadav,R Powell,A Patel,S Thakur,K Yadav,M Rahman,C Sakariya"
30-04-2022,"J Buttler,D Padikkal,S Samson,D Mitchell,S Hetmyer,R Parag,R Ashwin,T Boult,M Krishna,Y Chahal,K Sen","R Sharma,I Kishan,S Yadav,T Varma,K Pollard,T David,D Sams,H Shokeen,K Kartikeya,J Bumrah,R Meredith"
30-04-2022,"V Kohli,F Plessis,R Patidar,G Maxwell,K Karthik,S Ahmed,M Lomror,P Silva,H Patel,J Hazlewood,M Siraj","W Saha,S Gill,B Sudharsan,H Pandya,D Miller,R Tewatia,R Khan,P Sangwan,A Joseph,L Ferguson,M Shami"
29-04-2022,"Q Kock,K Rahul,D Hooda,K Pandya,M Stoinis,A Badoni,J Holder,P Chameera,M Khan,A Khan,R Bishnoi","M Agarwal,S Dhawan,J Bairstow,P Rajapaksa,L Livingstone,J Sharma,R Dhawan,K Rabada,R Chahar,A Singh,S Sharma"
28-04-2022,"A Finch,V Iyer,S Iyer,B Indrajith,S Narine,N Rana,A Russell,R Singh,U Yadav,T Southee,H Rana","P Shaw,D Warner,M Marsh,L Yadav,R Pant,R Powell,A Patel,S Thakur,K Yadav,M Rahman,C Sakariya"
27-04-2022,"A Sharma,K Williamson,R Tripathi,A Markram,N Pooran,W Sundar,S Singh,M Jansen,B Kumar,T Natarajan,U Malik","W Saha,S Gill,H Pandya,D Miller,R Tewatia,A Manohar,R Khan,L Ferguson,A Joseph,Y Dayal,M Shami"
26-04-2022,"J Buttler,D Padikkal,R Ashwin,S Samson,D Mitchell,R Parag,S Hetmyer,T Boult,M Krishna,Y Chahal,K Sen","V Kohli,F Plessis,R Patidar,G Maxwell,S Ahmed,S Prabhudessai,K Karthik,P Silva,H Patel,M Siraj,J Hazlewood"
25-04-2022,"M Agarwal,S Dhawan,P Rajapaksa,L Livingstone,J Bairstow,J Sharma,R Dhawan,K Rabada,R Chahar,A Singh,S Sharma","R Gaikwad,R Uthappa,M Santner,S Dube,A Rayudu,R Jadeja,M Dhoni,D Pretorius,D Bravo,M Choudhary,M Theekshana"
24-04-2022,"Q Kock,K Rahul,M Pandey,M Stoinis,K Pandya,D Hooda,A Badoni,J Holder,P Chameera,R Bishnoi,M Khan","I Kishan,R Sharma,D Brevis,S Yadav,T Varma,K Pollard,D Sams,J Unadkat,H Shokeen,J Bumrah,R Meredith"
23-04-2022,"F Plessis,A Rawat,V Kohli,G Maxwell,S Prabhudessai,S Ahmed,K Karthik,H Patel,P Silva,J Hazlewood,M Siraj","A Sharma,K Williamson,R Tripathi,A Markram,N Pooran,S Singh,J Suchith,B Kumar,M Jansen,T Natarajan,U Malik"
23-04-2022,"W Saha,S Gill,H Pandya,D Miller,R Tewatia,R Khan,A Manohar,L Ferguson,A Joseph,Y Dayal,M Shami","S Billings,S Narine,S Iyer,N Rana,R Singh,V Iyer,A Russell,S Mavi,U Yadav,T Southee,C Varun"
22-04-2022,"J Buttler,D Padikkal,S Samson,S Hetmyer,R Parag,K Nair,R Ashwin,T Boult,O McCoy,M Krishna,Y Chahal","P Shaw,D Warner,S Khan,R Pant,L Yadav,A Patel,S Thakur,R Powell,K Yadav,M Rahman,K Ahmed"
21-04-2022,"R Sharma,I Kishan,D Brevis,S Yadav,T Varma,H Shokeen,K Pollard,D Sams,J Unadkat,R Meredith,J Bumrah","R Gaikwad,R Uthappa,M Santner,A Rayudu,S Dube,R Jadeja,M Dhoni,D Pretorius,D Bravo,M Choudhary,M Theekshana"
20-04-2022,"M Agarwal,S Dhawan,J Bairstow,L Livingstone,J Sharma,M Khan,K Rabada,N Ellis,R Chahar,A Singh,V Arora","P Shaw,D Warner,S Khan,R Pant,R Powell,L Yadav,S Thakur,A Patel,K Yadav,M Rahman,K Ahmed"
19-04-2022,"A Rawat,F Plessis,V Kohli,G Maxwell,S Prabhudessai,S Ahmed,K Karthik,H Patel,P Silva,J Hazlewood,M Siraj","Q Kock,K Rahul,M Pandey,K Pandya,D Hooda,A Badoni,M Stoinis,J Holder,P Chameera,R Bishnoi,A Khan"
18-04-2022,"J Buttler,D Padikkal,S Samson,S Hetmyer,R Parag,K Nair,R Ashwin,T Boult,O McCoy,M Krishna,Y Chahal","A Finch,S Narine,S Iyer,N Rana,A Russell,V Iyer,S Jackson,S Mavi,P Cummins,U Yadav,C Varun"
17-04-2022,"R Gaikwad,R Uthappa,M Ali,A Rayudu,S Dube,R Jadeja,M Dhoni,D Bravo,C Jordan,M Theekshana,M Choudhary","W Saha,S Gill,V Shankar,A Manohar,D Miller,R Tewatia,R Khan,A Joseph,L Ferguson,M Shami,Y Dayal"
17-04-2022,"S Dhawan,P Singh,J Bairstow,L Livingstone,J Sharma,M Khan,O Smith,K Rabada,R Chahar,V Arora,A Singh","A Sharma,K Williamson,R Tripathi,A Markram,N Pooran,S Singh,J Suchith,B Kumar,M Jansen,T Natarajan,U Malik"
16-04-2022,"F Plessis,A Rawat,V Kohli,G Maxwell,S Prabhudessai,S Ahmed,K Karthik,P Silva,M Siraj,H Patel,J Hazlewood","P Shaw,D Warner,M Marsh,R Pant,R Powell,L Yadav,S Thakur,A Patel,K Yadav,M Rahman,K Ahmed"
16-04-2022,"K Rahul,Q Kock,M Pandey,M Stoinis,D Hooda,K Pandya,A Badoni,J Holder,P Chameera,A Khan,R Bishnoi","I Kishan,R Sharma,D Brevis,S Yadav,T Varma,K Pollard,F Allen,J Unadkat,M Ashwin,J Bumrah,T Mills"
15-04-2022,"V Iyer,A Finch,S Iyer,S Narine,N Rana,S Jackson,A Russell,P Cummins,A Khan,U Yadav,C Varun","A Sharma,K Williamson,R Tripathi,A Markram,N Pooran,S Singh,J Suchith,M Jansen,B Kumar,T Natarajan,U Malik"
14-04-2022,"M Wade,S Gill,V Shankar,H Pandya,A Manohar,D Miller,R Tewatia,R Khan,M Shami,L Ferguson,Y Dayal","J Buttler,D Padikkal,R Ashwin,S Samson,H Dussen,S Hetmyer,R Parag,J Neesham,M Krishna,Y Chahal,K Sen"
13-04-2022,"M Agarwal,S Dhawan,J Bairstow,L Livingstone,J Sharma,M Khan,O Smith,K Rabada,R Chahar,V Arora,A Singh","R Sharma,I Kishan,D Brevis,T Varma,S Yadav,K Pollard,J Unadkat,M Ashwin,J Bumrah,T Mills,B Thampi"
12-04-2022,"R Gaikwad,R Uthappa,M Ali,S Dube,R Jadeja,M Dhoni,A Rayudu,D Bravo,C Jordan,M Theekshana,M Choudhary","F Plessis,A Rawat,V Kohli,G Maxwell,S Ahmed,S Prabhudessai,K Karthik,P Silva,A Deep,M Siraj,J Hazlewood"
11-04-2022,"M Wade,S Gill,B Sudharsan,H Pandya,D Miller,A Manohar,R Tewatia,R Khan,D Nalkande,M Shami,L Ferguson","A Sharma,K Williamson,R Tripathi,N Pooran,A Markram,S Singh,W Sundar,M Jansen,B Kumar,T Natarajan,U Malik"
10-04-2022,"J Buttler,D Padikkal,S Samson,H Dussen,S Hetmyer,R Ashwin,R Parag,T Boult,Y Chahal,K Sen,M Krishna","K Rahul,Q Kock,K Gowtham,J Holder,D Hooda,A Badoni,K Pandya,M Stoinis,P Chameera,A Khan,R Bishnoi"
10-04-2022,"P Shaw,D Warner,R Pant,L Yadav,R Powell,A Patel,S Thakur,S Khan,K Yadav,M Rahman,K Ahmed","A Rahane,V Iyer,S Iyer,N Rana,A Russell,S Billings,P Cummins,S Narine,U Yadav,R Salam,C Varun"
09-04-2022,"I Kishan,R Sharma,D Brevis,S Yadav,T Varma,K Pollard,R Singh,J Unadkat,M Ashwin,J Bumrah,B Thampi","F Plessis,A Rawat,V Kohli,K Karthik,G Maxwell,D Willey,S Ahmed,P Silva,H Patel,M Siraj,A Deep"
09-04-2022,"R Uthappa,R Gaikwad,M Ali,A Rayudu,S Dube,R Jadeja,M Dhoni,D Bravo,C Jordan,M Theekshana,M Choudhary","A Sharma,K Williamson,R Tripathi,N Pooran,A Markram,S Singh,W Sundar,B Kumar,M Jansen,U Malik,T Natarajan"
08-04-2022,"M Agarwal,S Dhawan,J Bairstow,L Livingstone,J Sharma,O Smith,M Khan,K Rabada,R Chahar,V Arora,A Singh","M Wade,S Gill,B Sudharsan,H Pandya,D Miller,R Tewatia,A Manohar,R Khan,D Nalkande,M Shami,L Ferguson"
07-04-2022,"P Shaw,D Warner,R Powell,R Pant,S Khan,L Yadav,A Patel,S Thakur,K Yadav,M Rahman,A Nortje","K Rahul,Q Kock,E Lewis,D Hooda,K Pandya,A Badoni,K Gowtham,J Holder,A Khan,A Tye,R Bishnoi"
06-04-2022,"R Sharma,I Kishan,D Brevis,S Yadav,T Varma,K Pollard,D Sams,M Ashwin,T Mills,J Bumrah,B Thampi","A Rahane,V Iyer,S Iyer,S Billings,N Rana,A Russell,P Cummins,S Narine,R Salam,U Yadav,C Varun"
05-04-2022,"J Buttler,Y Jaiswal,D Padikkal,S Samson,S Hetmyer,R Parag,R Ashwin,N Saini,T Boult,Y Chahal,M Krishna","F Plessis,A Rawat,V Kohli,D Willey,S Rutherford,S Ahmed,K Karthik,H Patel,P Silva,M Siraj,A Deep"
04-04-2022,"K Rahul,Q Kock,E Lewis,M Pandey,D Hooda,A Badoni,K Pandya,J Holder,A Tye,R Bishnoi,A Khan","A Sharma,K Williamson,R Tripathi,A Markram,N Pooran,W Sundar,A Samad,R Shepherd,B Kumar,U Malik,T Natarajan"
03-04-2022,"M Agarwal,S Dhawan,P Rajapaksa,L Livingstone,J Sharma,M Khan,O Smith,K Rabada,R Chahar,V Arora,A Singh","R Uthappa,R Gaikwad,M Ali,A Rayudu,R Jadeja,S Dube,M Dhoni,D Bravo,D Pretorius,C Jordan,M Choudhary"
02-04-2022,"M Wade,S Gill,V Shankar,H Pandya,D Miller,R Tewatia,A Manohar,R Khan,V Aaron,L Ferguson,M Shami","P Shaw,T Seifert,M Singh,R Pant,L Yadav,R Powell,A Patel,S Thakur,K Yadav,K Ahmed,M Rahman"
02-04-2022,"J Buttler,Y Jaiswal,D Padikkal,S Samson,S Hetmyer,R Parag,R Ashwin,N Saini,T Boult,Y Chahal,M Krishna","I Kishan,R Sharma,A Singh,T Varma,K Pollard,T David,D Sams,M Ashwin,J Bumrah,T Mills,B Thampi"
01-04-2022,"M Agarwal,S Dhawan,P Rajapaksa,L Livingstone,R Bawa,M Khan,H Brar,O Smith,R Chahar,K Rabada,A Singh","A Rahane,V Iyer,S Iyer,S Billings,N Rana,A Russell,S Narine,T Southee,U Yadav,C Varun,S Mavi"
31-03-2022,"R Uthappa,R Gaikwad,M Ali,S Dube,A Rayudu,R Jadeja,M Dhoni,D Pretorius,D Bravo,T Deshpande,M Choudhary","K Rahul,Q Kock,M Pandey,E Lewis,D Hooda,A Badoni,K Pandya,P Chameera,A Tye,R Bishnoi,A Khan"
30-03-2022,"A Rahane,V Iyer,S Iyer,N Rana,S Narine,S Billings,S Jackson,A Russell,T Southee,U Yadav,C Varun","F Plessis,A Rawat,V Kohli,D Willey,S Rutherford,S Ahmed,K Karthik,P Silva,H Patel,M Siraj,A Deep"
29-03-2022,"J Buttler,Y Jaiswal,S Samson,D Padikkal,S Hetmyer,R Parag,N Coulter-Nile,R Ashwin,Y Chahal,T Boult,M Krishna","K Williamson,A Sharma,R Tripathi,N Pooran,A Markram,A Samad,R Shepherd,W Sundar,B Kumar,U Malik,T Natarajan"
28-03-2022,"K Rahul,Q Kock,E Lewis,M Pandey,D Hooda,A Badoni,K Pandya,P Chameera,M Khan,R Bishnoi,A Khan","S Gill,M Wade,V Shankar,H Pandya,D Miller,R Tewatia,A Manohar,R Khan,L Ferguson,M Shami,V Aaron"
27-03-2022,"F Plessis,A Rawat,V Kohli,K Karthik,S Rutherford,D Willey,S Ahmed,P Silva,H Patel,M Siraj,A Deep","M Agarwal,S Dhawan,P Rajapaksa,L Livingstone,R Bawa,M Khan,O Smith,H Brar,A Singh,S Sharma,R Chahar"
27-03-2022,"R Sharma,I Kishan,A Singh,T Varma,K Pollard,T David,D Sams,M Ashwin,T Mills,J Bumrah,B Thampi","P Shaw,T Seifert,M Singh,R Pant,L Yadav,R Powell,S Thakur,A Patel,K Yadav,K Ahmed,K Nagarkoti"
26-03-2022,"R Gaikwad,D Conway,R Uthappa,A Rayudu,R Jadeja,S Dube,M Dhoni,D Bravo,M Santner,A Milne,T Deshpande","A Rahane,V Iyer,N Rana,S Iyer,S Billings,S Jackson,A Russell,S Narine,U Yadav,S Mavi,C Varun"
15-10-2021,"R Gaikwad,F Plessis,R Uthappa,M Ali,A Rayudu,M Dhoni,R Jadeja,D Bravo,S Thakur,D Chahar,J Hazlewood","S Gill,V Iyer,N Rana,S Narine,E Morgan,K Karthik,S Hasan,R Tripathi,L Ferguson,S Mavi,C Varun"
13-10-2021,"P Shaw,S Dhawan,M Stoinis,S Iyer,R Pant,S Hetmyer,A Patel,R Ashwin,K Rabada,A Khan,A Nortje","S Gill,V Iyer,N Rana,R Tripathi,K Karthik,E Morgan,S Hasan,S Narine,L Ferguson,S Mavi,C Varun"
11-10-2021,"D Padikkal,V Kohli,K Bharat,G Maxwell,A Villiers,S Ahmed,D Christian,H Patel,G Garton,M Siraj,Y Chahal","S Gill,V Iyer,R Tripathi,N Rana,S Narine,K Karthik,E Morgan,S Hasan,L Ferguson,S Mavi,C Varun"
10-10-2021,"P Shaw,S Dhawan,S Iyer,A Patel,R Pant,S Hetmyer,T Curran,R Ashwin,K Rabada,A Khan,A Nortje","R Gaikwad,F Plessis,R Uthappa,S Thakur,A Rayudu,M Ali,M Dhoni,R Jadeja,D Bravo,D Chahar,J Hazlewood"
08-10-2021,"P Shaw,S Dhawan,R Pant,S Iyer,S Hetmyer,R Patel,A Patel,R Ashwin,K Rabada,A Khan,A Nortje","V Kohli,D Padikkal,K Bharat,A Villiers,G Maxwell,D Christian,S Ahmed,G Garton,H Patel,M Siraj,Y Chahal"
08-10-2021,"R Sharma,I Kishan,H Pandya,K Pollard,S Yadav,J Neesham,K Pandya,N Coulter-Nile,P Chawla,J Bumrah,T Boult","J Roy,A Sharma,M Pandey,M Nabi,A Samad,P Garg,J Holder,R Khan,W Saha,S Kaul,U Malik"
07-10-2021,"S Gill,V Iyer,N Rana,R Tripathi,K Karthik,E Morgan,S Hasan,S Narine,L Ferguson,C Varun,S Mavi","Y Jaiswal,L Livingstone,S Samson,S Dube,A Rawat,G Phillips,R Tewatia,C Morris,J Unadkat,C Sakariya,M Rahman"
07-10-2021,"R Gaikwad,F Plessis,M Ali,R Uthappa,A Rayudu,M Dhoni,R Jadeja,D Bravo,D Chahar,S Thakur,J Hazlewood","K Rahul,M Agarwal,S Khan,M Khan,A Markram,M Henriques,C Jordan,H Brar,R Bishnoi,M Shami,A Singh"
06-10-2021,"J Roy,A Sharma,K Williamson,P Garg,A Samad,W Saha,J Holder,R Khan,B Kumar,S Kaul,U Malik","V Kohli,D Padikkal,D Christian,K Bharat,G Maxwell,A Villiers,S Ahmed,G Garton,H Patel,M Siraj,Y Chahal"
05-10-2021,"E Lewis,Y Jaiswal,S Samson,S Dube,G Phillips,D Miller,R Tewatia,S Gopal,C Sakariya,K Yadav,M Rahman","R Sharma,I Kishan,S Yadav,H Pandya,S Tiwary,K Pollard,J Neesham,N Coulter-Nile,J Yadav,J Bumrah,T Boult"
04-10-2021,"R Gaikwad,F Plessis,R Uthappa,M Ali,A Rayudu,M Dhoni,R Jadeja,D Bravo,D Chahar,S Thakur,J Hazlewood","P Shaw,S Dhawan,S Iyer,R Pant,R Patel,R Ashwin,S Hetmyer,A Patel,K Rabada,A Khan,A Nortje"
03-10-2021,"V Kohli,D Padikkal,D Christian,G Maxwell,A Villiers,S Ahmed,K Bharat,G Garton,H Patel,M Siraj,Y Chahal","K Rahul,M Agarwal,N Pooran,A Markram,S Khan,M Khan,M Henriques,H Brar,R Bishnoi,M Shami,A Singh"
03-10-2021,"J Roy,W Saha,K Williamson,P Garg,A Sharma,A Samad,J Holder,R Khan,B Kumar,S Kaul,U Malik","S Gill,V Iyer,R Tripathi,N Rana,K Karthik,E Morgan,S Hasan,S Narine,T Southee,C Varun,S Mavi"
02-10-2021,"R Sharma,Q Kock,S Yadav,S Tiwary,K Pollard,H Pandya,K Pandya,N Coulter-Nile,J Yadav,J Bumrah,T Boult","P Shaw,S Dhawan,S Smith,R Pant,S Iyer,A Patel,S Hetmyer,R Ashwin,K Rabada,A Khan,A Nortje"
02-10-2021,"R Gaikwad,F Plessis,S Raina,M Ali,A Rayudu,R Jadeja,M Dhoni,S Curran,S Thakur,J Hazlewood,K Asif","E Lewis,Y Jaiswal,S Samson,S Dube,G Phillips,D Miller,R Tewatia,A Singh,M Markande,C Sakariya,M Rahman"
01-10-2021,"V Iyer,S Gill,R Tripathi,N Rana,E Morgan,K Karthik,T Seifert,S Narine,T Southee,C Varun,S Mavi","K Rahul,M Agarwal,N Pooran,A Markram,D Hooda,M Khan,F Allen,N Ellis,R Bishnoi,M Shami,A Singh"
30-09-2021,"J Roy,W Saha,K Williamson,P Garg,A Sharma,A Samad,J Holder,R Khan,B Kumar,S Sharma,S Kaul","R Gaikwad,F Plessis,M Ali,S Raina,A Rayudu,M Dhoni,R Jadeja,D Bravo,S Thakur,D Chahar,J Hazlewood"
29-09-2021,"E Lewis,Y Jaiswal,S Samson,M Lomror,L Livingstone,R Tewatia,R Parag,C Morris,C Sakariya,K Tyagi,M Rahman","V Kohli,D Padikkal,K Bharat,G Maxwell,A Villiers,D Christian,S Ahmed,G Garton,H Patel,M Siraj,Y Chahal"
28-09-2021,"K Rahul,M Singh,C Gayle,A Markram,N Pooran,D Hooda,H Brar,N Ellis,R Bishnoi,M Shami,A Singh","R Sharma,Q Kock,S Yadav,S Tiwary,H Pandya,K Pollard,K Pandya,N Coulter-Nile,R Chahar,T Boult,J Bumrah"
28-09-2021,"S Smith,S Dhawan,S Iyer,R Pant,S Hetmyer,L Yadav,A Patel,R Ashwin,K Rabada,A Khan,A Nortje","S Gill,V Iyer,R Tripathi,N Rana,E Morgan,K Karthik,S Narine,T Southee,L Ferguson,S Warrier,C Varun"
27-09-2021,"E Lewis,Y Jaiswal,S Samson,L Livingstone,M Lomror,R Parag,R Tewatia,C Morris,J Unadkat,C Sakariya,M Rahman","J Roy,W Saha,K Williamson,P Garg,A Sharma,J Holder,A Samad,R Khan,B Kumar,S Sharma,S Kaul"
26-09-2021,"S Gill,V Iyer,R Tripathi,E Morgan,N Rana,A Russell,K Karthik,S Narine,L Ferguson,M Krishna,C Varun","R Gaikwad,F Plessis,M Ali,A Rayudu,S Raina,M Dhoni,R Jadeja,S Curran,S Thakur,D Chahar,J Hazlewood"
26-09-2021,"V Kohli,D Padikkal,K Bharat,G Maxwell,A Villiers,D Christian,S Ahmed,K Jamieson,H Patel,M Siraj,Y Chahal","R Sharma,Q Kock,I Kishan,S Yadav,K Pandya,K Pollard,H Pandya,A Milne,R Chahar,J Bumrah,T Boult"
25-09-2021,"P Shaw,S Dhawan,S Iyer,R Pant,S Hetmyer,L Yadav,A Patel,R Ashwin,K Rabada,A Nortje,A Khan","L Livingstone,Y Jaiswal,S Samson,D Miller,M Lomror,R Parag,R Tewatia,T Shamsi,K Tyagi,C Sakariya,M Rahman"
25-09-2021,"K Rahul,M Agarwal,C Gayle,A Markram,N Pooran,D Hooda,H Brar,N Ellis,M Shami,R Bishnoi,A Singh","D Warner,W Saha,K Williamson,M Pandey,K Jadhav,A Samad,J Holder,R Khan,B Kumar,S Sharma,K Ahmed"
24-09-2021,"V Kohli,D Padikkal,A Villiers,G Maxwell,T David,H Patel,P Silva,K Bharat,N Saini,M Siraj,Y Chahal","R Gaikwad,F Plessis,M Ali,A Rayudu,S Raina,M Dhoni,R Jadeja,D Bravo,S Thakur,D Chahar,J Hazlewood"
23-09-2021,"R Sharma,Q Kock,S Yadav,I Kishan,K Pollard,K Pandya,S Tiwary,A Milne,R Chahar,J Bumrah,T Boult","S Gill,V Iyer,R Tripathi,E Morgan,N Rana,A Russell,K Karthik,S Narine,L Ferguson,M Krishna,C Varun"
22-09-2021,"D Warner,W Saha,K Williamson,M Pandey,K Jadhav,A Samad,J Holder,R Khan,B Kumar,S Sharma,K Ahmed","P Shaw,S Dhawan,S Iyer,R Pant,M Stoinis,S Hetmyer,A Patel,R Ashwin,K Rabada,A Nortje,A Khan"
21-09-2021,"E Lewis,Y Jaiswal,S Samson,L Livingstone,M Lomror,R Parag,R Tewatia,C Morris,C Sakariya,K Tyagi,M Rahman","K Rahul,M Agarwal,A Markram,N Pooran,D Hooda,F Allen,I Porel,A Rashid,H Brar,A Singh,M Shami"
20-09-2021,"V Kohli,D Padikkal,K Bharat,G Maxwell,A Villiers,S Baby,P Silva,K Jamieson,H Patel,M Siraj,Y Chahal","S Gill,V Iyer,A Russell,N Rana,R Tripathi,E Morgan,K Karthik,L Ferguson,S Narine,C Varun,M Krishna"
19-09-2021,"R Gaikwad,F Plessis,M Ali,A Rayudu,S Raina,M Dhoni,R Jadeja,D Bravo,S Thakur,D Chahar,J Hazlewood","Q Kock,A Singh,S Yadav,I Kishan,S Tiwary,K Pollard,K Pandya,A Milne,R Chahar,J Bumrah,T Boult"
02-05-2021,"P Singh,M Agarwal,C Gayle,D Malan,D Hooda,M Khan,C Jordan,H Brar,R Meredith,R Bishnoi,M Shami","P Shaw,S Dhawan,S Smith,R Pant,S Hetmyer,M Stoinis,A Patel,L Yadav,K Rabada,I Sharma,A Khan"
02-05-2021,"J Buttler,Y Jaiswal,S Samson,R Parag,D Miller,A Rawat,R Tewatia,C Morris,K Tyagi,C Sakariya,M Rahman","M Pandey,J Bairstow,K Williamson,V Shankar,K Jadhav,M Nabi,A Samad,R Khan,B Kumar,S Sharma,K Ahmed"
01-05-2021,"R Gaikwad,F Plessis,M Ali,S Raina,A Rayudu,R Jadeja,M Dhoni,S Curran,S Thakur,D Chahar,L Ngidi","Q Kock,R Sharma,S Yadav,K Pandya,K Pollard,H Pandya,J Neesham,D Kulkarni,R Chahar,J Bumrah,T Boult"
30-04-2021,"K Rahul,P Singh,C Gayle,N Pooran,D Hooda,M Khan,H Brar,R Meredith,R Bishnoi,M Shami,C Jordan","V Kohli,D Padikkal,R Patidar,G Maxwell,A Villiers,S Ahmed,D Sams,K Jamieson,H Patel,M Siraj,Y Chahal"
29-04-2021,"N Rana,S Gill,R Tripathi,E Morgan,S Narine,A Russell,K Karthik,P Cummins,S Mavi,C Varun,M Krishna","P Shaw,S Dhawan,R Pant,M Stoinis,S Hetmyer,S Smith,L Yadav,A Patel,K Rabada,A Khan,I Sharma"
29-04-2021,"J Buttler,Y Jaiswal,S Samson,S Dube,D Miller,R Parag,R Tewatia,C Morris,J Unadkat,C Sakariya,M Rahman","R Sharma,Q Kock,S Yadav,K Pandya,K Pollard,H Pandya,N Coulter-Nile,J Yadav,R Chahar,J Bumrah,T Boult"
28-04-2021,"D Warner,J Bairstow,M Pandey,K Williamson,K Jadhav,R Khan,V Shankar,J Suchith,S Kaul,K Ahmed,S Sharma","R Gaikwad,F Plessis,M Ali,R Jadeja,S Raina,A Rayudu,M Dhoni,S Curran,S Thakur,D Chahar,L Ngidi"
27-04-2021,"V Kohli,D Padikkal,R Patidar,G Maxwell,A Villiers,W Sundar,D Sams,K Jamieson,H Patel,M Siraj,Y Chahal","P Shaw,S Dhawan,S Smith,R Pant,M Stoinis,S Hetmyer,A Patel,K Rabada,A Khan,A Mishra,I Sharma"
26-04-2021,"K Rahul,M Agarwal,C Gayle,D Hooda,N Pooran,M Henriques,M Khan,C Jordan,R Bishnoi,M Shami,A Singh","S Gill,N Rana,R Tripathi,S Narine,E Morgan,A Russell,K Karthik,P Cummins,S Mavi,C Varun,M Krishna"
25-04-2021,"P Shaw,S Dhawan,R Pant,S Smith,S Hetmyer,M Stoinis,A Patel,R Ashwin,K Rabada,A Khan,A Mishra","D Warner,J Bairstow,K Williamson,V Singh,K Jadhav,A Sharma,R Khan,V Shankar,J Suchith,S Kaul,K Ahmed"
25-04-2021,"R Gaikwad,F Plessis,S Raina,A Rayudu,R Jadeja,M Dhoni,D Bravo,S Curran,S Thakur,D Chahar,I Tahir","V Kohli,D Padikkal,W Sundar,G Maxwell,A Villiers,D Christian,K Jamieson,H Patel,N Saini,Y Chahal,M Siraj"
24-04-2021,"N Rana,S Gill,R Tripathi,S Narine,E Morgan,K Karthik,A Russell,P Cummins,S Mavi,M Krishna,C Varun","J Buttler,Y Jaiswal,S Samson,S Dube,R Tewatia,D Miller,R Parag,C Morris,J Unadkat,C Sakariya,M Rahman"
23-04-2021,"Q Kock,R Sharma,I Kishan,S Yadav,K Pollard,H Pandya,K Pandya,J Yadav,R Chahar,J Bumrah,T Boult","K Rahul,M Agarwal,C Gayle,D Hooda,N Pooran,M Henriques,M Khan,F Allen,M Shami,R Bishnoi,A Singh"
22-04-2021,"J Buttler,M Vohra,S Samson,D Miller,S Dube,R Parag,R Tewatia,C Morris,S Gopal,C Sakariya,M Rahman","V Kohli,D Padikkal,G Maxwell,A Villiers,W Sundar,K Jamieson,S Ahmed,H Patel,M Siraj,K Richardson,Y Chahal"
21-04-2021,"R Gaikwad,F Plessis,M Ali,M Dhoni,R Jadeja,S Raina,A Rayudu,S Curran,S Thakur,D Chahar,L Ngidi","N Rana,S Gill,R Tripathi,E Morgan,S Narine,K Karthik,A Russell,P Cummins,K Nagarkoti,C Varun,M Krishna"
21-04-2021,"K Rahul,M Agarwal,C Gayle,N Pooran,D Hooda,M Henriques,M Khan,F Allen,M Ashwin,M Shami,A Singh","D Warner,J Bairstow,K Williamson,V Singh,K Jadhav,V Shankar,A Sharma,R Khan,B Kumar,S Kaul,K Ahmed"
20-04-2021,"R Sharma,Q Kock,S Yadav,I Kishan,H Pandya,K Pandya,K Pollard,J Yadav,R Chahar,J Bumrah,T Boult","P Shaw,S Dhawan,S Smith,L Yadav,R Pant,S Hetmyer,M Stoinis,R Ashwin,K Rabada,A Khan,A Mishra"
19-04-2021,"R Gaikwad,F Plessis,M Ali,S Raina,A Rayudu,R Jadeja,M Dhoni,S Curran,D Bravo,S Thakur,D Chahar","J Buttler,M Vohra,S Samson,S Dube,D Miller,R Parag,R Tewatia,C Morris,J Unadkat,C Sakariya,M Rahman"
18-04-2021,"K Rahul,M Agarwal,C Gayle,D Hooda,N Pooran,M Khan,J Saxena,J Richardson,M Shami,R Meredith,A Singh","P Shaw,S Dhawan,S Smith,R Pant,M Stoinis,L Yadav,L Meriwala,C Woakes,R Ashwin,K Rabada,A Khan"
18-04-2021,"V Kohli,D Padikkal,R Patidar,G Maxwell,A Villiers,K Jamieson,W Sundar,S Ahmed,H Patel,M Siraj,Y Chahal","N Rana,S Gill,R Tripathi,E Morgan,K Karthik,S Hasan,A Russell,P Cummins,H Singh,C Varun,M Krishna"
17-04-2021,"Q Kock,R Sharma,S Yadav,I Kishan,K Pollard,H Pandya,K Pandya,A Milne,R Chahar,J Bumrah,T Boult","D Warner,J Bairstow,M Pandey,V Singh,V Shankar,A Sharma,A Samad,R Khan,B Kumar,M Rahman,K Ahmed"
16-04-2021,"K Rahul,M Agarwal,C Gayle,D Hooda,N Pooran,M Khan,J Richardson,M Ashwin,M Shami,R Meredith,A Singh","R Gaikwad,F Plessis,M Ali,S Raina,A Rayudu,S Curran,R Jadeja,M Dhoni,D Bravo,S Thakur,D Chahar"
15-04-2021,"P Shaw,S Dhawan,A Rahane,R Pant,M Stoinis,L Yadav,T Curran,C Woakes,R Ashwin,K Rabada,A Khan","J Buttler,M Vohra,S Samson,S Dube,D Miller,R Parag,R Tewatia,C Morris,J Unadkat,C Sakariya,M Rahman"
14-04-2021,"V Kohli,D Padikkal,S Ahmed,G Maxwell,A Villiers,W Sundar,D Christian,K Jamieson,H Patel,M Siraj,Y Chahal","W Saha,D Warner,M Pandey,J Bairstow,A Samad,V Shankar,J Holder,R Khan,B Kumar,S Nadeem,T Natarajan"
13-04-2021,"R Sharma,Q Kock,S Yadav,I Kishan,H Pandya,K Pollard,K Pandya,M Jansen,R Chahar,J Bumrah,T Boult","N Rana,S Gill,R Tripathi,E Morgan,S Hasan,K Karthik,A Russell,P Cummins,H Singh,C Varun,M Krishna"
12-04-2021,"K Rahul,M Agarwal,C Gayle,D Hooda,N Pooran,M Khan,J Richardson,M Ashwin,M Shami,R Meredith,A Singh","B Stokes,M Vohra,S Samson,J Buttler,S Dube,R Parag,R Tewatia,C Morris,S Gopal,C Sakariya,M Rahman"
11-04-2021,"N Rana,S Gill,R Tripathi,A Russell,E Morgan,K Karthik,S Hasan,P Cummins,H Singh,C Varun,M Krishna","W Saha,D Warner,M Pandey,J Bairstow,M Nabi,V Shankar,A Samad,R Khan,B Kumar,S Sharma,T Natarajan"
10-04-2021,"R Gaikwad,F Plessis,M Ali,S Raina,A Rayudu,R Jadeja,M Dhoni,S Curran,D Bravo,S Thakur,D Chahar","P Shaw,S Dhawan,R Pant,M Stoinis,S Hetmyer,A Rahane,C Woakes,T Curran,R Ashwin,A Mishra,A Khan"
09-04-2021,"R Sharma,C Lynn,S Yadav,I Kishan,H Pandya,K Pollard,K Pandya,M Jansen,R Chahar,J Bumrah,T Boult","W Sundar,V Kohli,R Patidar,G Maxwell,A Villiers,S Ahmed,D Christian,K Jamieson,H Patel,M Siraj,Y Chahal"
10-11-2020,"M Stoinis,S Dhawan,A Rahane,S Iyer,R Pant,S Hetmyer,A Patel,K Rabada,P Dubey,R Ashwin,A Nortje","R Sharma,Q Kock,S Yadav,I Kishan,K Pollard,H Pandya,K Pandya,J Yadav,N Coulter-Nile,T Boult,J Bumrah"
08-11-2020,"M Stoinis,S Dhawan,S Iyer,S Hetmyer,R Pant,A Rahane,P Dubey,A Patel,R Ashwin,K Rabada,A Nortje","P Garg,D Warner,M Pandey,K Williamson,J Holder,A Samad,R Khan,S Goswami,S Nadeem,S Sharma,T Natarajan"
06-11-2020,"V Kohli,D Padikkal,A Finch,A Villiers,M Ali,S Dube,W Sundar,N Saini,M Siraj,Y Chahal,A Zampa","D Warner,S Goswami,M Pandey,K Williamson,P Garg,J Holder,A Samad,R Khan,S Nadeem,S Sharma,T Natarajan"
05-11-2020,"Q Kock,R Sharma,S Yadav,I Kishan,K Pollard,K Pandya,H Pandya,N Coulter-Nile,T Boult,R Chahar,J Bumrah","P Shaw,S Dhawan,A Rahane,S Iyer,M Stoinis,R Pant,A Patel,D Sams,K Rabada,A Nortje,R Ashwin"
03-11-2020,"R Sharma,Q Kock,S Yadav,I Kishan,K Pandya,S Tiwary,K Pollard,N Coulter-Nile,J Pattinson,D Kulkarni,R Chahar","D Warner,W Saha,M Pandey,K Williamson,P Garg,J Holder,A Samad,R Khan,S Nadeem,S Sharma,T Natarajan"
02-11-2020,"J Philippe,D Padikkal,V Kohli,A Villiers,C Morris,S Dube,W Sundar,I Udana,S Ahmed,M Siraj,Y Chahal","P Shaw,S Dhawan,A Rahane,S Iyer,R Pant,M Stoinis,A Patel,D Sams,R Ashwin,K Rabada,A Nortje"
01-11-2020,"S Gill,N Rana,R Tripathi,S Narine,E Morgan,K Karthik,A Russell,P Cummins,K Nagarkoti,S Mavi,C Varun","R Uthappa,B Stokes,S Smith,S Samson,J Buttler,R Parag,R Tewatia,S Gopal,J Archer,K Tyagi,V Aaron"
01-11-2020,"K Rahul,M Agarwal,C Gayle,N Pooran,M Singh,D Hooda,J Neesham,C Jordan,M Ashwin,R Bishnoi,M Shami","R Gaikwad,F Plessis,A Rayudu,M Dhoni,N Jagadeesan,S Curran,R Jadeja,D Chahar,S Thakur,L Ngidi,I Tahir"
31-10-2020,"P Shaw,S Dhawan,S Iyer,R Pant,M Stoinis,S Hetmyer,H Patel,R Ashwin,P Dubey,K Rabada,A Nortje","I Kishan,Q Kock,S Yadav,S Tiwary,K Pandya,K Pollard,N Coulter-Nile,J Yadav,R Chahar,T Boult,J Bumrah"
31-10-2020,"J Philippe,D Padikkal,V Kohli,A Villiers,W Sundar,G Singh,C Morris,I Udana,M Siraj,N Saini,Y Chahal","D Warner,W Saha,M Pandey,K Williamson,A Sharma,J Holder,A Samad,R Khan,S Nadeem,S Sharma,T Natarajan"
30-10-2020,"K Rahul,M Singh,C Gayle,N Pooran,G Maxwell,D Hooda,C Jordan,M Ashwin,R Bishnoi,M Shami,A Singh","R Uthappa,B Stokes,S Samson,S Smith,J Buttler,R Parag,R Tewatia,J Archer,S Gopal,K Tyagi,V Aaron"
29-10-2020,"S Gill,N Rana,S Narine,R Singh,E Morgan,K Karthik,R Tripathi,K Nagarkoti,P Cummins,L Ferguson,C Varun","S Watson,R Gaikwad,A Rayudu,M Dhoni,S Curran,R Jadeja,N Jagadeesan,M Santner,D Chahar,K Sharma,L Ngidi"
28-10-2020,"J Philippe,D Padikkal,V Kohli,A Villiers,S Dube,C Morris,G Singh,W Sundar,Y Chahal,M Siraj,D Steyn","Q Kock,I Kishan,S Yadav,S Tiwary,K Pandya,H Pandya,K Pollard,J Pattinson,R Chahar,T Boult,J Bumrah"
27-10-2020,"D Warner,W Saha,M Pandey,K Williamson,V Shankar,A Samad,J Holder,R Khan,S Sharma,T Natarajan,S Nadeem","A Rahane,S Dhawan,M Stoinis,S Hetmyer,R Pant,S Iyer,A Patel,K Rabada,R Ashwin,T Deshpande,A Nortje"
26-10-2020,"S Gill,N Rana,R Tripathi,K Karthik,E Morgan,S Narine,K Nagarkoti,P Cummins,L Ferguson,C Varun,M Krishna","K Rahul,M Singh,C Gayle,N Pooran,G Maxwell,D Hooda,C Jordan,M Ashwin,R Bishnoi,M Shami,A Singh"
25-10-2020,"I Kishan,Q Kock,S Yadav,S Tiwary,K Pollard,H Pandya,K Pandya,J Pattinson,R Chahar,T Boult,J Bumrah","R Uthappa,B Stokes,S Smith,S Samson,J Buttler,R Parag,R Tewatia,J Archer,S Gopal,A Rajpoot,K Tyagi"
25-10-2020,"D Padikkal,A Finch,V Kohli,A Villiers,M Ali,C Morris,G Singh,W Sundar,N Saini,Y Chahal,M Siraj","R Gaikwad,F Plessis,A Rayudu,M Dhoni,N Jagadeesan,R Jadeja,S Curran,M Santner,D Chahar,I Tahir,M Kumar"
24-10-2020,"K Rahul,M Singh,C Gayle,N Pooran,G Maxwell,D Hooda,C Jordan,M Ashwin,R Bishnoi,M Shami,A Singh","D Warner,J Bairstow,M Pandey,A Samad,V Shankar,J Holder,P Garg,R Khan,S Sharma,T Natarajan,K Ahmed"
24-10-2020,"S Gill,N Rana,R Tripathi,K Karthik,S Narine,E Morgan,P Cummins,L Ferguson,K Nagarkoti,M Krishna,C Varun","A Rahane,S Dhawan,S Iyer,R Pant,S Hetmyer,M Stoinis,A Patel,K Rabada,R Ashwin,T Deshpande,A Nortje"
23-10-2020,"R Gaikwad,F Plessis,A Rayudu,N Jagadeesan,M Dhoni,R Jadeja,S Curran,D Chahar,S Thakur,I Tahir,J Hazlewood","Q Kock,I Kishan,S Yadav,S Tiwary,K Pandya,H Pandya,K Pollard,N Coulter-Nile,R Chahar,T Boult,J Bumrah"
22-10-2020,"R Uthappa,B Stokes,S Samson,J Buttler,S Smith,R Parag,R Tewatia,J Archer,S Gopal,A Rajpoot,K Tyagi","D Warner,J Bairstow,M Pandey,V Shankar,P Garg,A Samad,J Holder,R Khan,S Sharma,T Natarajan,S Nadeem"
21-10-2020,"S Gill,R Tripathi,N Rana,T Banton,K Karthik,E Morgan,P Cummins,K Yadav,L Ferguson,M Krishna,C Varun","D Padikkal,A Finch,G Singh,V Kohli,A Villiers,C Morris,W Sundar,I Udana,N Saini,Y Chahal,M Siraj"
20-10-2020,"P Shaw,S Dhawan,S Iyer,R Pant,M Stoinis,S Hetmyer,A Patel,R Ashwin,K Rabada,D Sams,T Deshpande","K Rahul,M Agarwal,C Gayle,N Pooran,G Maxwell,D Hooda,J Neesham,M Ashwin,R Bishnoi,M Shami,A Singh"
19-10-2020,"S Curran,F Plessis,S Watson,A Rayudu,M Dhoni,R Jadeja,K Jadhav,P Chawla,D Chahar,S Thakur,J Hazlewood","B Stokes,R Uthappa,S Samson,S Smith,J Buttler,R Tewatia,R Parag,J Archer,S Gopal,A Rajpoot,K Tyagi"
18-10-2020,"S Gill,R Tripathi,N Rana,A Russell,E Morgan,K Karthik,P Cummins,L Ferguson,K Yadav,S Mavi,C Varun","J Bairstow,K Williamson,P Garg,D Warner,M Pandey,V Shankar,A Samad,R Khan,S Sharma,B Thampi,T Natarajan"
18-10-2020,"R Sharma,Q Kock,S Yadav,I Kishan,K Pandya,H Pandya,K Pollard,N Coulter-Nile,R Chahar,T Boult,J Bumrah","K Rahul,M Agarwal,C Gayle,N Pooran,G Maxwell,D Hooda,C Jordan,M Ashwin,R Bishnoi,M Shami,A Singh"
17-10-2020,"R Uthappa,B Stokes,S Samson,S Smith,J Buttler,R Tewatia,J Archer,R Parag,S Gopal,J Unadkat,K Tyagi","D Padikkal,A Finch,V Kohli,A Villiers,G Singh,C Morris,W Sundar,S Ahmed,I Udana,N Saini,Y Chahal"
17-10-2020,"S Curran,F Plessis,S Watson,A Rayudu,M Dhoni,R Jadeja,K Jadhav,D Bravo,D Chahar,S Thakur,K Sharma","P Shaw,S Dhawan,A Rahane,S Iyer,M Stoinis,A Carey,A Patel,R Ashwin,T Deshpande,K Rabada,A Nortje"
16-10-2020,"R Tripathi,S Gill,N Rana,K Karthik,E Morgan,A Russell,P Cummins,C Green,M Krishna,S Mavi,C Varun","R Sharma,Q Kock,S Yadav,H Pandya,I Kishan,K Pollard,K Pandya,R Chahar,T Boult,J Bumrah,N Coulter-Nile"
15-10-2020,"A Finch,D Padikkal,V Kohli,W Sundar,S Dube,A Villiers,C Morris,I Udana,N Saini,Y Chahal,M Siraj","K Rahul,M Agarwal,C Gayle,N Pooran,G Maxwell,D Hooda,C Jordan,M Ashwin,R Bishnoi,M Shami,A Singh"
14-10-2020,"P Shaw,S Dhawan,A Rahane,S Iyer,M Stoinis,A Carey,A Patel,R Ashwin,T Deshpande,K Rabada,A Nortje","B Stokes,J Buttler,S Smith,S Samson,R Uthappa,R Parag,R Tewatia,J Archer,S Gopal,J Unadkat,K Tyagi"
13-10-2020,"S Curran,F Plessis,S Watson,A Rayudu,M Dhoni,R Jadeja,D Bravo,D Chahar,P Chawla,S Thakur,K Sharma","D Warner,J Bairstow,M Pandey,K Williamson,P Garg,V Shankar,R Khan,S Nadeem,S Sharma,T Natarajan,K Ahmed"
12-10-2020,"A Finch,D Padikkal,V Kohli,A Villiers,C Morris,W Sundar,S Dube,I Udana,N Saini,Y Chahal,M Siraj","T Banton,S Gill,N Rana,E Morgan,K Karthik,A Russell,R Tripathi,P Cummins,K Nagarkoti,C Varun,M Krishna"
11-10-2020,"D Warner,J Bairstow,M Pandey,K Williamson,P Garg,V Shankar,A Sharma,R Khan,S Sharma,K Ahmed,T Natarajan","B Stokes,J Buttler,S Smith,S Samson,R Uthappa,R Parag,R Tewatia,J Archer,S Gopal,J Unadkat,K Tyagi"
11-10-2020,"P Shaw,S Dhawan,A Rahane,S Iyer,M Stoinis,A Carey,A Patel,R Ashwin,H Patel,K Rabada,A Nortje","R Sharma,Q Kock,S Yadav,I Kishan,H Pandya,K Pollard,K Pandya,J Pattinson,R Chahar,T Boult,J Bumrah"
10-10-2020,"R Tripathi,S Gill,N Rana,E Morgan,K Karthik,A Russell,P Cummins,S Narine,K Nagarkoti,M Krishna,C Varun","K Rahul,M Agarwal,N Pooran,P Singh,G Maxwell,M Singh,C Jordan,R Bishnoi,M Shami,A Singh,M Rahman"
10-10-2020,"D Padikkal,A Finch,V Kohli,A Villiers,W Sundar,S Dube,G Singh,C Morris,I Udana,N Saini,Y Chahal","S Watson,F Plessis,A Rayudu,N Jagadeesan,M Dhoni,S Curran,R Jadeja,D Bravo,D Chahar,S Thakur,K Sharma"
09-10-2020,"P Shaw,S Dhawan,S Iyer,R Pant,M Stoinis,S Hetmyer,H Patel,A Patel,K Rabada,R Ashwin,A Nortje","Y Jaiswal,J Buttler,S Smith,S Samson,M Lomror,R Tewatia,A Tye,J Archer,S Gopal,K Tyagi,V Aaron"
08-10-2020,"D Warner,J Bairstow,A Samad,M Pandey,K Williamson,P Garg,A Sharma,R Khan,S Sharma,K Ahmed,T Natarajan","K Rahul,M Agarwal,P Singh,N Pooran,G Maxwell,M Singh,M Rahman,R Bishnoi,M Shami,S Cottrell,A Singh"
07-10-2020,"R Tripathi,S Gill,N Rana,S Narine,E Morgan,A Russell,K Karthik,P Cummins,K Nagarkoti,S Mavi,C Varun","S Watson,F Plessis,A Rayudu,M Dhoni,S Curran,K Jadhav,R Jadeja,D Bravo,S Thakur,D Chahar,K Sharma"
06-10-2020,"Q Kock,R Sharma,S Yadav,I Kishan,K Pandya,H Pandya,K Pollard,J Pattinson,R Chahar,T Boult,J Bumrah","Y Jaiswal,J Buttler,S Smith,S Samson,M Lomror,T Curran,R Tewatia,J Archer,S Gopal,A Rajpoot,K Tyagi"
05-10-2020,"P Shaw,S Dhawan,S Iyer,R Pant,M Stoinis,S Hetmyer,A Patel,R Ashwin,K Rabada,A Nortje,H Patel","D Padikkal,A Finch,V Kohli,A Villiers,M Ali,W Sundar,S Dube,I Udana,N Saini,M Siraj,Y Chahal"
04-10-2020,"K Rahul,M Agarwal,M Singh,N Pooran,G Maxwell,S Khan,C Jordan,H Brar,R Bishnoi,M Shami,S Cottrell","S Watson,F Plessis,A Rayudu,K Jadhav,M Dhoni,R Jadeja,S Curran,D Bravo,P Chawla,S Thakur,D Chahar"
04-10-2020,"R Sharma,Q Kock,S Yadav,I Kishan,H Pandya,K Pollard,K Pandya,J Pattinson,R Chahar,T Boult,J Bumrah","D Warner,J Bairstow,M Pandey,K Williamson,P Garg,A Sharma,A Samad,R Khan,S Sharma,S Kaul,T Natarajan"
03-10-2020,"J Buttler,S Smith,S Samson,R Uthappa,M Lomror,R Parag,R Tewatia,J Archer,T Curran,S Gopal,J Unadkat","D Padikkal,A Finch,V Kohli,A Villiers,S Dube,G Singh,W Sundar,I Udana,N Saini,Y Chahal,A Zampa"
03-10-2020,"P Shaw,S Dhawan,S Iyer,R Pant,M Stoinis,S Hetmyer,R Ashwin,K Rabada,A Nortje,A Mishra,H Patel","S Gill,S Narine,N Rana,A Russell,K Karthik,E Morgan,P Cummins,R Tripathi,K Nagarkoti,S Mavi,C Varun"
02-10-2020,"D Warner,J Bairstow,M Pandey,K Williamson,P Garg,A Sharma,A Samad,R Khan,B Kumar,T Natarajan,K Ahmed","F Plessis,S Watson,A Rayudu,K Jadhav,M Dhoni,R Jadeja,S Curran,D Bravo,S Thakur,P Chawla,D Chahar"
01-10-2020,"Q Kock,R Sharma,S Yadav,I Kishan,K Pollard,H Pandya,K Pandya,J Pattinson,R Chahar,T Boult,J Bumrah","K Rahul,M Agarwal,K Nair,N Pooran,G Maxwell,J Neesham,S Khan,K Gowtham,R Bishnoi,M Shami,S Cottrell"
30-09-2020,"S Gill,S Narine,N Rana,A Russell,K Karthik,E Morgan,P Cummins,K Nagarkoti,S Mavi,K Yadav,C Varun","J Buttler,S Smith,S Samson,R Uthappa,R Parag,R Tewatia,T Curran,S Gopal,J Archer,J Unadkat,A Rajpoot"
29-09-2020,"D Warner,J Bairstow,M Pandey,K Williamson,A Samad,A Sharma,P Garg,R Khan,B Kumar,T Natarajan,K Ahmed","P Shaw,S Dhawan,S Iyer,R Pant,S Hetmyer,M Stoinis,A Patel,K Rabada,A Nortje,A Mishra,I Sharma"
28-09-2020,"D Padikkal,A Finch,V Kohli,A Villiers,S Dube,G Singh,W Sundar,I Udana,N Saini,Y Chahal,A Zampa","R Sharma,Q Kock,S Yadav,I Kishan,H Pandya,K Pollard,K Pandya,J Pattinson,R Chahar,T Boult,J Bumrah"
27-09-2020,"K Rahul,M Agarwal,G Maxwell,N Pooran,K Nair,J Neesham,S Khan,M Shami,S Cottrell,R Bishnoi,M Ashwin","J Buttler,S Smith,S Samson,R Tewatia,R Uthappa,J Archer,R Parag,T Curran,S Gopal,A Rajpoot,J Unadkat"
26-09-2020,"D Warner,J Bairstow,M Pandey,W Saha,M Nabi,A Sharma,P Garg,R Khan,B Kumar,T Natarajan,K Ahmed","S Gill,S Narine,N Rana,K Karthik,E Morgan,A Russell,P Cummins,S Mavi,K Yadav,K Nagarkoti,C Varun"
25-09-2020,"P Shaw,S Dhawan,R Pant,S Iyer,M Stoinis,S Hetmyer,A Patel,A Mishra,K Rabada,A Nortje,A Khan","M Vijay,S Watson,F Plessis,R Gaikwad,K Jadhav,M Dhoni,R Jadeja,S Curran,P Chawla,D Chahar,J Hazlewood"
24-09-2020,"K Rahul,M Agarwal,N Pooran,G Maxwell,K Nair,J Neesham,S Khan,M Shami,S Cottrell,R Bishnoi,M Ashwin","D Padikkal,A Finch,J Philippe,V Kohli,A Villiers,W Sundar,S Dube,U Yadav,N Saini,D Steyn,Y Chahal"
23-09-2020,"Q Kock,R Sharma,S Yadav,S Tiwary,H Pandya,K Pollard,K Pandya,J Pattinson,R Chahar,T Boult,J Bumrah","S Gill,S Narine,K Karthik,N Rana,E Morgan,A Russell,N Naik,P Cummins,S Mavi,K Yadav,S Warrier"
22-09-2020,"Y Jaiswal,S Smith,S Samson,D Miller,R Uthappa,R Tewatia,R Parag,T Curran,J Archer,S Gopal,J Unadkat","M Vijay,S Watson,F Plessis,S Curran,R Gaikwad,K Jadhav,M Dhoni,R Jadeja,P Chawla,D Chahar,L Ngidi"
21-09-2020,"D Padikkal,A Finch,V Kohli,A Villiers,S Dube,J Philippe,W Sundar,U Yadav,N Saini,D Steyn,Y Chahal","D Warner,J Bairstow,M Pandey,P Garg,V Shankar,A Sharma,R Khan,B Kumar,S Sharma,M Marsh,T Natarajan"
20-09-2020,"P Shaw,S Dhawan,S Hetmyer,S Iyer,R Pant,M Stoinis,A Patel,R Ashwin,K Rabada,A Nortje,M Sharma","K Rahul,M Agarwal,K Nair,N Pooran,G Maxwell,S Khan,K Gowtham,C Jordan,M Shami,S Cottrell,R Bishnoi"
19-09-2020,"R Sharma,Q Kock,S Yadav,S Tiwary,H Pandya,K Pollard,K Pandya,J Pattinson,R Chahar,T Boult,J Bumrah","M Vijay,S Watson,F Plessis,A Rayudu,R Jadeja,S Curran,M Dhoni,K Jadhav,P Chawla,D Chahar,L Ngidi"
12-05-2019,"Q Kock,R Sharma,S Yadav,I Kishan,K Pandya,K Pollard,H Pandya,R Chahar,M McClenaghan,J Bumrah,S Malinga","F Plessis,S Watson,S Raina,A Rayudu,M Dhoni,D Bravo,R Jadeja,S Thakur,D Chahar,H Singh,I Tahir"
10-05-2019,"P Shaw,S Dhawan,C Munro,S Iyer,R Pant,A Patel,S Rutherford,K Paul,A Mishra,T Boult,I Sharma","F Plessis,S Watson,S Raina,A Rayudu,M Dhoni,D Bravo,R Jadeja,D Chahar,H Singh,I Tahir,S Thakur"
08-05-2019,"W Saha,M Guptill,M Pandey,K Williamson,V Shankar,M Nabi,D Hooda,R Khan,B Kumar,B Thampi,K Ahmed","P Shaw,S Dhawan,S Iyer,R Pant,C Munro,A Patel,S Rutherford,K Paul,A Mishra,T Boult,I Sharma"
07-05-2019,"F Plessis,S Watson,S Raina,M Vijay,A Rayudu,M Dhoni,R Jadeja,D Bravo,D Chahar,H Singh,I Tahir","R Sharma,Q Kock,S Yadav,I Kishan,K Pandya,H Pandya,K Pollard,J Yadav,R Chahar,S Malinga,J Bumrah"
05-05-2019,"F Plessis,S Watson,S Raina,M Dhoni,A Rayudu,K Jadhav,D Bravo,R Jadeja,D Chahar,H Singh,I Tahir","K Rahul,C Gayle,N Pooran,M Agarwal,M Singh,S Curran,R Ashwin,A Tye,M Shami,M Ashwin,H Brar"
05-05-2019,"S Gill,C Lynn,R Uthappa,K Karthik,A Russell,N Rana,R Singh,S Narine,H Gurney,M Krishna,S Warrier","Q Kock,R Sharma,S Yadav,I Kishan,H Pandya,K Pollard,K Pandya,R Chahar,M McClenaghan,S Malinga,J Bumrah"
04-05-2019,"W Saha,M Guptill,M Pandey,K Williamson,V Shankar,Y Pathan,M Nabi,R Khan,B Kumar,K Ahmed,B Thampi","P Patel,V Kohli,A Villiers,S Hetmyer,G Singh,C Grandhomme,W Sundar,U Yadav,K Khejroliya,Y Chahal,N Saini"
04-05-2019,"A Rahane,L Livingstone,S Samson,M Lomror,S Gopal,R Parag,S Binny,K Gowtham,I Sodhi,V Aaron,O Thomas","P Shaw,S Dhawan,S Iyer,R Pant,C Ingram,S Rutherford,A Patel,K Paul,A Mishra,T Boult,I Sharma"
03-05-2019,"C Gayle,K Rahul,M Agarwal,N Pooran,M Singh,S Curran,R Ashwin,A Tye,M Shami,M Ashwin,A Singh","S Gill,C Lynn,R Uthappa,A Russell,K Karthik,S Narine,N Rana,R Singh,P Chawla,H Gurney,S Warrier"
02-05-2019,"R Sharma,Q Kock,S Yadav,E Lewis,H Pandya,K Pollard,K Pandya,B Sran,R Chahar,S Malinga,J Bumrah","W Saha,M Guptill,M Pandey,K Williamson,V Shankar,A Sharma,M Nabi,R Khan,B Kumar,K Ahmed,B Thampi"
01-05-2019,"F Plessis,S Watson,S Raina,M Dhoni,R Jadeja,A Rayudu,K Jadhav,D Bravo,D Chahar,H Singh,I Tahir","P Shaw,S Dhawan,S Iyer,R Pant,C Ingram,A Patel,S Rutherford,C Morris,J Suchith,A Mishra,T Boult"
30-04-2019,"V Kohli,A Villiers,M Stoinis,H Klaasen,G Singh,P Patel,P Negi,U Yadav,N Saini,K Khejroliya,Y Chahal","S Samson,L Livingstone,A Rahane,S Smith,R Parag,S Binny,M Lomror,S Gopal,J Unadkat,V Aaron,O Thomas"
29-04-2019,"D Warner,W Saha,M Pandey,M Nabi,K Williamson,R Khan,V Shankar,A Sharma,B Kumar,K Ahmed,S Sharma","K Rahul,C Gayle,M Agarwal,N Pooran,D Miller,R Ashwin,P Singh,M Ashwin,M Rahman,M Shami,A Singh"
28-04-2019,"S Gill,C Lynn,A Russell,K Karthik,S Narine,R Uthappa,N Rana,R Singh,P Chawla,H Gurney,S Warrier","Q Kock,R Sharma,E Lewis,S Yadav,K Pollard,H Pandya,K Pandya,B Sran,R Chahar,S Malinga,J Bumrah"
28-04-2019,"P Shaw,S Dhawan,S Iyer,R Pant,C Ingram,S Rutherford,A Patel,S Lamichhane,A Mishra,K Rabada,I Sharma","P Patel,V Kohli,A Villiers,S Dube,H Klaasen,G Singh,M Stoinis,W Sundar,U Yadav,Y Chahal,N Saini"
27-04-2019,"D Warner,K Williamson,M Pandey,V Shankar,S Hasan,D Hooda,W Saha,R Khan,B Kumar,S Kaul,K Ahmed","A Rahane,L Livingstone,S Samson,S Smith,A Turner,R Parag,S Binny,S Gopal,J Unadkat,V Aaron,O Thomas"
26-04-2019,"R Sharma,Q Kock,E Lewis,K Pandya,H Pandya,K Pollard,S Yadav,A Roy,R Chahar,J Bumrah,S Malinga","M Vijay,S Watson,S Raina,A Rayudu,K Jadhav,D Shorey,D Bravo,M Santner,D Chahar,H Singh,I Tahir"
25-04-2019,"C Lynn,S Gill,N Rana,K Karthik,S Narine,A Russell,C Brathwaite,R Singh,P Chawla,Y Raj,M Krishna","A Rahane,S Samson,S Smith,B Stokes,R Parag,S Binny,S Gopal,J Archer,J Unadkat,V Aaron,O Thomas"
24-04-2019,"P Patel,V Kohli,A Villiers,M Ali,A Nath,M Stoinis,W Sundar,U Yadav,T Southee,Y Chahal,N Saini","K Rahul,C Gayle,M Agarwal,D Miller,N Pooran,M Singh,R Ashwin,G Viljoen,M Ashwin,A Rajpoot,M Shami"
23-04-2019,"D Warner,J Bairstow,M Pandey,V Shankar,Y Pathan,S Hasan,D Hooda,R Khan,B Kumar,K Ahmed,S Sharma","S Watson,F Plessis,S Raina,A Rayudu,K Jadhav,D Bravo,M Dhoni,R Jadeja,H Singh,D Chahar,I Tahir"
22-04-2019,"A Rahane,S Samson,S Smith,B Stokes,A Turner,S Binny,R Parag,J Archer,S Gopal,J Unadkat,D Kulkarni","P Shaw,S Dhawan,S Iyer,R Pant,S Rutherford,C Ingram,A Patel,C Morris,A Mishra,K Rabada,I Sharma"
21-04-2019,"C Lynn,S Narine,S Gill,N Rana,K Karthik,R Singh,A Russell,P Chawla,Y Raj,K Cariappa,H Gurney","D Warner,J Bairstow,K Williamson,V Shankar,Y Pathan,D Hooda,R Khan,B Kumar,S Nadeem,K Ahmed,S Sharma"
21-04-2019,"P Patel,V Kohli,A Villiers,A Nath,M Stoinis,M Ali,P Negi,U Yadav,D Steyn,N Saini,Y Chahal","S Watson,F Plessis,S Raina,A Rayudu,K Jadhav,M Dhoni,R Jadeja,D Bravo,S Thakur,D Chahar,I Tahir"
20-04-2019,"K Rahul,C Gayle,M Agarwal,D Miller,M Singh,S Curran,R Ashwin,H Brar,G Viljoen,M Ashwin,M Shami","P Shaw,S Dhawan,S Iyer,R Pant,C Ingram,A Patel,S Rutherford,A Mishra,K Rabada,I Sharma,S Lamichhane"
20-04-2019,"Q Kock,R Sharma,S Yadav,H Pandya,K Pollard,B Cutting,K Pandya,R Chahar,J Bumrah,S Malinga,M Markande","A Rahane,S Samson,S Smith,B Stokes,R Parag,A Turner,S Binny,J Archer,S Gopal,J Unadkat,D Kulkarni"
19-04-2019,"P Patel,V Kohli,A Nath,M Ali,M Stoinis,H Klaasen,P Negi,D Steyn,M Siraj,Y Chahal,N Saini","C Lynn,S Narine,S Gill,R Uthappa,N Rana,A Russell,K Karthik,P Chawla,K Yadav,H Gurney,M Krishna"
18-04-2019,"R Sharma,Q Kock,B Cutting,S Yadav,K Pandya,H Pandya,K Pollard,R Chahar,J Yadav,J Bumrah,S Malinga","P Shaw,S Dhawan,C Munro,S Iyer,R Pant,A Patel,C Morris,K Paul,K Rabada,A Mishra,I Sharma"
17-04-2019,"S Watson,F Plessis,S Raina,A Rayudu,K Jadhav,S Billings,R Jadeja,K Sharma,I Tahir,S Thakur,D Chahar","D Warner,J Bairstow,K Williamson,V Shankar,D Hooda,Y Pathan,R Khan,B Kumar,S Sharma,S Nadeem,K Ahmed"
16-04-2019,"K Rahul,C Gayle,M Agarwal,D Miller,N Pooran,M Singh,R Ashwin,M Rahman,M Shami,M Ashwin,A Singh","R Tripathi,J Buttler,S Samson,A Rahane,A Turner,J Archer,S Binny,S Gopal,J Unadkat,D Kulkarni,I Sodhi"
15-04-2019,"P Patel,V Kohli,A Villiers,M Ali,M Stoinis,A Nath,P Negi,U Yadav,M Siraj,Y Chahal,N Saini","Q Kock,R Sharma,S Yadav,I Kishan,K Pandya,H Pandya,K Pollard,J Behrendorff,R Chahar,J Bumrah,S Malinga"
14-04-2019,"C Lynn,S Narine,N Rana,R Uthappa,K Karthik,A Russell,S Gill,P Chawla,K Yadav,M Krishna,H Gurney","S Watson,F Plessis,S Raina,A Rayudu,K Jadhav,M Dhoni,R Jadeja,M Santner,I Tahir,S Thakur,D Chahar"
14-04-2019,"P Shaw,S Dhawan,C Munro,S Iyer,R Pant,C Morris,A Patel,K Paul,K Rabada,A Mishra,I Sharma","D Warner,J Bairstow,K Williamson,R Bhui,V Shankar,D Hooda,A Sharma,R Khan,B Kumar,S Sharma,K Ahmed"
13-04-2019,"R Sharma,Q Kock,S Yadav,K Pollard,H Pandya,I Kishan,K Pandya,A Joseph,R Chahar,J Behrendorff,J Bumrah","A Rahane,J Buttler,S Samson,S Smith,R Tripathi,L Livingstone,S Gopal,K Gowtham,J Archer,J Unadkat,D Kulkarni"
13-04-2019,"K Rahul,C Gayle,M Agarwal,S Khan,S Curran,M Singh,N Pooran,A Tye,R Ashwin,M Shami,M Ashwin","P Patel,V Kohli,A Villiers,M Stoinis,M Ali,A Nath,P Negi,U Yadav,M Siraj,Y Chahal,N Saini"
12-04-2019,"J Denly,S Gill,R Uthappa,N Rana,A Russell,K Karthik,C Brathwaite,P Chawla,K Yadav,L Ferguson,M Krishna","P Shaw,S Dhawan,S Iyer,R Pant,C Ingram,C Morris,A Patel,K Paul,R Tewatia,K Rabada,I Sharma"
11-04-2019,"A Rahane,J Buttler,S Samson,S Smith,R Tripathi,B Stokes,R Parag,J Archer,S Gopal,J Unadkat,D Kulkarni","S Watson,F Plessis,S Raina,A Rayudu,K Jadhav,M Dhoni,R Jadeja,M Santner,D Chahar,S Thakur,I Tahir"
10-04-2019,"K Rahul,C Gayle,D Miller,K Nair,S Curran,M Singh,S Khan,G Viljoen,R Ashwin,M Shami,A Rajpoot","Q Kock,S Lad,S Yadav,K Pollard,I Kishan,H Pandya,K Pandya,A Joseph,R Chahar,J Behrendorff,J Bumrah"
09-04-2019,"C Lynn,S Narine,R Uthappa,N Rana,K Karthik,S Gill,A Russell,P Chawla,K Yadav,M Krishna,H Gurney","S Watson,F Plessis,S Raina,A Rayudu,K Jadhav,M Dhoni,S Kuggeleijn,R Jadeja,H Singh,D Chahar,I Tahir"
08-04-2019,"D Warner,J Bairstow,V Shankar,M Nabi,M Pandey,D Hooda,Y Pathan,R Khan,B Kumar,S Kaul,S Sharma","K Rahul,C Gayle,M Agarwal,D Miller,M Singh,S Curran,S Khan,R Ashwin,M Shami,M Rahman,A Rajpoot"
07-04-2019,"A Rahane,J Buttler,S Smith,R Tripathi,B Stokes,P Chopra,K Gowtham,J Archer,S Gopal,S Midhun,D Kulkarni","C Lynn,S Narine,R Uthappa,S Gill,N Rana,K Karthik,A Russell,P Chawla,K Yadav,H Gurney,M Krishna"
07-04-2019,"P Patel,V Kohli,A Villiers,M Stoinis,M Ali,A Nath,P Negi,T Southee,M Siraj,Y Chahal,N Saini","P Shaw,S Dhawan,S Iyer,C Ingram,R Pant,C Morris,A Patel,R Tewatia,K Rabada,I Sharma,S Lamichhane"
06-04-2019,"R Sharma,Q Kock,S Yadav,I Kishan,K Pandya,K Pollard,H Pandya,R Chahar,A Joseph,J Behrendorff,J Bumrah","D Warner,J Bairstow,V Shankar,M Pandey,D Hooda,Y Pathan,M Nabi,R Khan,B Kumar,S Kaul,S Sharma"
06-04-2019,"S Watson,F Plessis,S Raina,M Dhoni,A Rayudu,K Jadhav,S Kuggeleijn,R Jadeja,H Singh,D Chahar,I Tahir","K Rahul,C Gayle,M Agarwal,S Khan,D Miller,M Singh,S Curran,R Ashwin,M Shami,A Tye,M Ashwin"
05-04-2019,"P Patel,V Kohli,A Villiers,M Stoinis,M Ali,A Nath,P Negi,N Saini,T Southee,Y Chahal,M Siraj","C Lynn,S Narine,R Uthappa,N Rana,K Karthik,A Russell,S Gill,P Chawla,K Yadav,M Krishna,L Ferguson"
04-04-2019,"P Shaw,S Dhawan,S Iyer,R Pant,R Tewatia,C Ingram,C Morris,A Patel,K Rabada,I Sharma,S Lamichhane","D Warner,J Bairstow,V Shankar,M Pandey,D Hooda,Y Pathan,M Nabi,R Khan,B Kumar,S Sharma,S Kaul"
03-04-2019,"Q Kock,R Sharma,S Yadav,Y Singh,K Pandya,H Pandya,K Pollard,J Behrendorff,R Chahar,S Malinga,J Bumrah","S Watson,A Rayudu,S Raina,K Jadhav,M Dhoni,R Jadeja,D Bravo,D Chahar,S Thakur,M Sharma,I Tahir"
02-04-2019,"V Kohli,P Patel,A Villiers,S Hetmyer,M Stoinis,M Ali,A Nath,U Yadav,N Saini,Y Chahal,M Siraj","A Rahane,J Buttler,S Smith,R Tripathi,B Stokes,S Binny,K Gowtham,J Archer,S Gopal,V Aaron,D Kulkarni"
01-04-2019,"K Rahul,S Curran,M Agarwal,S Khan,D Miller,M Singh,G Viljoen,R Ashwin,M Ashwin,M Shami,M Rahman","P Shaw,S Dhawan,S Iyer,R Pant,C Ingram,C Morris,G Vihari,H Patel,K Rabada,A Khan,S Lamichhane"
31-03-2019,"J Bairstow,D Warner,V Shankar,Y Pathan,M Pandey,D Hooda,M Nabi,R Khan,B Kumar,S Sharma,S Kaul","P Patel,S Hetmyer,V Kohli,A Villiers,M Ali,S Dube,C Grandhomme,P Barman,U Yadav,M Siraj,Y Chahal"
31-03-2019,"A Rayudu,S Watson,S Raina,K Jadhav,M Dhoni,D Bravo,R Jadeja,D Chahar,S Thakur,M Santner,I Tahir","A Rahane,J Buttler,S Samson,R Tripathi,S Smith,B Stokes,K Gowtham,J Archer,S Gopal,J Unadkat,D Kulkarni"
30-03-2019,"N Naik,C Lynn,R Uthappa,N Rana,K Karthik,S Gill,A Russell,P Chawla,K Yadav,M Krishna,L Ferguson","P Shaw,S Dhawan,S Iyer,R Pant,C Ingram,G Vihari,H Patel,C Morris,A Mishra,S Lamichhane,K Rabada"
30-03-2019,"R Sharma,Q Kock,S Yadav,Y Singh,K Pollard,H Pandya,K Pandya,M McClenaghan,M Markande,S Malinga,J Bumrah","K Rahul,C Gayle,M Agarwal,D Miller,S Khan,M Singh,R Ashwin,G Viljoen,M Ashwin,M Shami,A Tye"
29-03-2019,"A Rahane,J Buttler,S Samson,B Stokes,S Smith,R Tripathi,K Gowtham,J Archer,J Unadkat,S Gopal,D Kulkarni","D Warner,J Bairstow,K Williamson,V Shankar,M Pandey,Y Pathan,R Khan,B Kumar,S Sharma,S Kaul,S Nadeem"
28-03-2019,"Q Kock,R Sharma,S Yadav,Y Singh,K Pollard,K Pandya,H Pandya,M McClenaghan,M Markande,J Bumrah,S Malinga","P Patel,M Ali,V Kohli,A Villiers,S Hetmyer,C Grandhomme,S Dube,N Saini,Y Chahal,U Yadav,M Siraj"
27-03-2019,"C Lynn,S Narine,R Uthappa,N Rana,A Russell,K Karthik,S Gill,P Chawla,K Yadav,M Krishna,L Ferguson","K Rahul,C Gayle,M Agarwal,S Khan,D Miller,M Singh,R Ashwin,G Viljoen,C Varun,M Shami,A Tye"
26-03-2019,"P Shaw,S Dhawan,S Iyer,R Pant,C Ingram,K Paul,A Patel,R Tewatia,K Rabada,I Sharma,A Mishra","S Watson,A Rayudu,S Raina,K Jadhav,M Dhoni,D Bravo,R Jadeja,D Chahar,S Thakur,H Singh,I Tahir"
25-03-2019,"K Rahul,C Gayle,M Agarwal,S Khan,N Pooran,M Singh,S Curran,R Ashwin,M Shami,M Rahman,A Rajpoot","A Rahane,J Buttler,S Samson,S Smith,B Stokes,R Tripathi,K Gowtham,J Archer,J Unadkat,S Gopal,D Kulkarni"
24-03-2019,"P Shaw,S Dhawan,S Iyer,C Ingram,R Pant,K Paul,A Patel,R Tewatia,K Rabada,T Boult,I Sharma","R Sharma,Q Kock,S Yadav,Y Singh,K Pollard,H Pandya,K Pandya,B Cutting,M McClenaghan,R Salam,J Bumrah"
24-03-2019,"D Warner,J Bairstow,V Shankar,Y Pathan,M Pandey,D Hooda,S Hasan,R Khan,B Kumar,S Sharma,S Kaul","C Lynn,N Rana,R Uthappa,K Karthik,A Russell,S Gill,S Narine,P Chawla,K Yadav,L Ferguson,M Krishna"
23-03-2019,"V Kohli,P Patel,M Ali,A Villiers,S Hetmyer,S Dube,C Grandhomme,N Saini,Y Chahal,U Yadav,M Siraj","S Watson,A Rayudu,S Raina,K Jadhav,R Jadeja,M Dhoni,D Bravo,D Chahar,S Thakur,H Singh,I Tahir"
