,Name
0,M Agarwal
1,L Livingstone
2,S Khan
3,S Dhawan
4,J Bairstow
5,P Singh
6,R Dhawan
7,B Rajapaksa
8,B Howell
9,P Mankad
10,J Sharma
11,K Williamson
12,N Pooran
13,R Tripathi
14,A Sharma
15,A Samad
16,A Markram
17,G Phillips
18,V Vinod
19,P Garg
20,S Singh
21,R Samarth
22,S Samson
23,J Buttler
24,S Hetmyer
25,D Padikkal
26,Y Jaiswal
27,R Parag
28,K Nair
29,R Dussen
30,D Mitchell
31,D Jurel
32,S Garhwal
33,V Kohli
34,G Maxwell
35,F Plessis
36,D Karthik
37,A Rawat
38,S Rutherford
39,M Lomror
40,F Allen
41,S Prabhudessai
42,L Sisodia
43,R Sharma
44,I Kishan
45,S Yadav
46,K Pollard
47,D Brevis
48,T Varma
49,F Allen
50,S Yadav
51,R Singh
52,A Singh
53,A Juyal
54,R Buddhi
55,R Jadeja
56,M Dhoni
57,M Ali
58,A Rayudu
59,R Gaikwad
60,S Dube
61,R Uthappa
62,D Conway
63,N Jagadeesan
64,S Senapati
65,B Varma
66,H Nishaanth
67,S Iyer
68,A Russell
69,N Rana
70,V Iyer
71,S Billings
72,A Hales
73,A Rahane
74,S Jackson
75,R Singh
76,A Tomar
77,P Singh
78,R Kumar
79,B Indrajith
80,R Pant
81,P Shaw
82,M Marsh
83,D Warner
84,R Powell
85,S Bharat
86,M Singh
87,Y Dhull
88,T Seifert
89,A Hebbar
90,R Patel
91,S Khan
92,K Rahul
93,M Stoinis
94,Q Kock
95,D Hooda
96,M Pandey
97,E Lewis
98,K Mayers
99,A Badoni
100,M Vohra
101,H Pandya
102,S Gill
103,D Miller
104,A Manohar
105,M Wade
106,J Roy
107,W Saha
108,V Shankar
109,S Sudharsan
110,M Henriques
111,Y Singh
112,B Cutting
113,N Ojha
114,B Sharma
115,A Nehra
116,C Gayle
117,T Head
118,K Jadhav
119,S Watson
120,S Baby
121,S Binny
122,S Aravind
123,A Choudhary
124,S Smith
125,B Stokes
126,M Tiwary
127,R Bhatia
128,A Zampa
129,A Dinda
130,I Tahir
131,P Patel
132,M McClenaghan
133,B McCullum
134,S Raina
135,A Finch
136,K Karthik
137,D Smith
138,M Gony
139,P Kumar
140,S Jakati
141,D Kulkarni
142,S Kaushik
143,G Gambhir
144,C Lynn
145,Y Pathan
146,C Woakes
147,P Chawla
148,H Amla
149,M Sharma
150,D Christian
151,P Negi
152,I Abdulla
153,B Stanlake
154,A Tare
155,C Morris
156,C Brathwaite
157,A Mishra
158,Z Khan
159,H Singh
160,S Malinga
161,A Villiers
162,C Anderson
163,C Grandhomme
164,I Sharma
165,S Badree
166,A Tye
167,E Morgan
168,M Patel
169,B Sran
170,A Mathews
171,S Marsh
172,G Singh
173,S Hasan
174,J Faulkner
175,M Johnson
176,A Nath
177,S Agarwal
178,N Singh
179,A Soni
180,M Guptill
181,A Bawne
182,I Pathan
183,M Samuels
184,L Simmons
185,M Henry
186,S Tiwary
187,I Jaggi
188,K Khejroliya
189,C Munro
190,D Short
191,B Laughlin
192,T Curran
193,A Dananjaya
194,M Vijay
195,H Klaasen
196,R Bhui
197,L Plunkett
198,J Duminy
199,I Sodhi
200,D Shorey
201,M Krishna
202,S Goswami
203,P Chopra
204,J Scantlebury-Searles
205,S Lamichhane
206,C Dala
207,C Ingram
208,K Paul
209,R Salam
210,S Curran
211,G Viljoen
212,C Varun
213,N Naik
214,G Vihari
215,P Barman
216,S Kuggeleijn
217,S Midhun
218,H Gurney
219,S Lad
220,J Denly
221,A Turner
222,D Steyn
223,Y Raj
224,O Thomas
225,S Warrier
226,J Pattinson
227,S Cottrell
228,J Philippe
229,I Udana
230,A Carey
231,T Banton
232,C Green
233,M Kumar
234,R Patidar
235,K Jamieson
236,J Richardson
237,V Singh
238,J Saxena
239,L Meriwala
240,K Richardson
241,D Malan
242,K Bharat
243,P Silva
244,A Rashid
245,T Shamsi
246,G Garton
247,P Rajapaksa
248,P Chameera
249,B Sudharsan
250,H Dussen
251,H Rana
252,K Kartikeya
253,T Stubbs
254,M Pathirana
255,R Yadav
256,M Henriques
257,Y Singh
258,B Cutting
259,N Ojha
260,B Sharma
261,A Nehra
262,C Gayle
263,T Head
264,K Jadhav
265,S Watson
266,S Baby
267,S Binny
268,S Aravind
269,A Choudhary
270,S Smith
271,B Stokes
272,M Tiwary
273,R Bhatia
274,A Zampa
275,A Dinda
276,I Tahir
277,P Patel
278,M McClenaghan
279,B McCullum
280,S Raina
281,A Finch
282,K Karthik
283,D Smith
284,M Gony
285,P Kumar
286,S Jakati
287,D Kulkarni
288,S Kaushik
289,G Gambhir
290,C Lynn
291,Y Pathan
292,C Woakes
293,P Chawla
294,H Amla
295,M Sharma
296,D Christian
297,P Negi
298,I Abdulla
299,B Stanlake
300,A Tare
301,C Morris
302,C Brathwaite
303,A Mishra
304,Z Khan
305,H Singh
306,S Malinga
307,A Villiers
308,C Anderson
309,C Grandhomme
310,I Sharma
311,S Badree
312,A Tye
313,E Morgan
314,M Patel
315,B Sran
316,A Mathews
317,S Marsh
318,G Singh
319,S Hasan
320,J Faulkner
321,M Johnson
322,A Nath
323,S Agarwal
324,N Singh
325,A Soni
326,M Guptill
327,A Bawne
328,I Pathan
329,M Samuels
330,L Simmons
331,M Henry
332,S Tiwary
333,I Jaggi
334,K Khejroliya
335,C Munro
336,D Short
337,B Laughlin
338,T Curran
339,A Dananjaya
340,M Vijay
341,H Klaasen
342,R Bhui
343,L Plunkett
344,J Duminy
345,I Sodhi
346,D Shorey
347,M Krishna
348,S Goswami
349,P Chopra
350,J Scantlebury-Searles
351,S Lamichhane
352,C Dala
353,C Ingram
354,K Paul
355,R Salam
356,S Curran
357,G Viljoen
358,C Varun
359,N Naik
360,G Vihari
361,P Barman
362,S Kuggeleijn
363,S Midhun
364,H Gurney
365,S Lad
366,J Denly
367,A Turner
368,D Steyn
369,Y Raj
370,O Thomas
371,S Warrier
372,J Pattinson
373,S Cottrell
374,J Philippe
375,I Udana
376,A Carey
377,T Banton
378,C Green
379,M Kumar
380,R Patidar
381,K Jamieson
382,J Richardson
383,V Singh
384,J Saxena
385,L Meriwala
386,K Richardson
387,D Malan
388,K Bharat
389,P Silva
390,A Rashid
391,T Shamsi
392,G Garton
393,P Rajapaksa
394,P Chameera
395,B Sudharsan
396,H Dussen
397,H Rana
398,K Kartikeya
399,T Stubbs
400,M Pathirana
401,R Yadav
402,Y Singh
403,N Ojha
404,C Gayle
405,T Head
406,K Jadhav
407,S Watson
408,S Baby
409,S Binny
410,S Smith
411,B Stokes
412,M Tiwary
413,P Patel
414,B McCullum
415,S Raina
416,A Finch
417,K Karthik
418,S Kaushik
419,G Gambhir
420,C Lynn
421,P Chawla
422,P Negi
423,A Mishra
424,H Singh
425,A Villiers
426,C Grandhomme
427,E Morgan
428,B Sran
429,A Mathews
430,M Johnson
431,A Soni
432,M Guptill
433,M Samuels
434,M Henry
435,S Tiwary
436,C Munro
437,M Vijay
438,R Bhui
439,L Plunkett
440,J Duminy
441,D Shorey
442,J Scantlebury-Searles
443,C Ingram
444,K Paul
445,R Salam
446,S Curran
447,C Varun
448,G Vihari
449,S Midhun
450,H Gurney
451,A Turner
452,Y Raj
453,J Pattinson
454,J Philippe
455,A Carey
456,R Patidar
457,D Malan
458,T Shamsi
459,G Garton
460,P Rajapaksa
461,H Dussen
462,T Stubbs
